age,income,credit_score,employment_status,target,gov_record_id,gov_generation_timestamp,gov_scenario_source,gov_llm_model,gov_llm_prompt_hash,gov_bias_testing_flag,gov_protected_classes,gov_risk_category,gov_audit_trail_id,gov_compliance_tags,gov_explainability_complexity,gov_decision_boundary_flag,gov_synthetic_flag,gov_generation_id,gov_generation_date,gov_total_records,gov_bias_testing_records,gov_data_version
58,68736,709,Self-Employed,Denied,02162969-1f75-4bce-ad7c-67989bac20bb,2025-08-21T14:33:02.227803,15 (Article 15(1)),llama3.2:3b,6bc57929fbf4a49bcfa232e54686ad36,True,"gender,age",critical,5c8a8fd0-a4bb-4e89-9a9c-140422d5820b_000000,"EU_AI_Act_Art15,ISO42001_Fairness",standard,False,True,5c8a8fd0-a4bb-4e89-9a9c-140422d5820b,2025-08-21,189,162,1.0
44,160684,645,Self-Employed,Denied,4ed5c617-c05c-4fa4-9596-6bce78c67a30,2025-08-21T14:33:02.227928,15 (Article 15(1)),llama3.2:3b,6bc57929fbf4a49bcfa232e54686ad36,True,"gender,age",critical,5c8a8fd0-a4bb-4e89-9a9c-140422d5820b_000001,"EU_AI_Act_Art15,ISO42001_Fairness",standard,False,True,5c8a8fd0-a4bb-4e89-9a9c-140422d5820b,2025-08-21,189,162,1.0
58,166722,717,Employed Full-Time,Approved,2b203437-307c-4592-b08c-f36a77a61b86,2025-08-21T14:33:02.228000,15 (Article 15(1)),llama3.2:3b,6bc57929fbf4a49bcfa232e54686ad36,True,"gender,age",critical,5c8a8fd0-a4bb-4e89-9a9c-140422d5820b_000002,"EU_AI_Act_Art15,ISO42001_Fairness",standard,False,True,5c8a8fd0-a4bb-4e89-9a9c-140422d5820b,2025-08-21,189,162,1.0
64,185017,663,Unemployed,Approved,c39d0fa8-763f-4d7c-9e57-d1325d8f8bb9,2025-08-21T14:33:02.228054,15 (Article 15(1)),llama3.2:3b,6bc57929fbf4a49bcfa232e54686ad36,True,"gender,age",critical,5c8a8fd0-a4bb-4e89-9a9c-140422d5820b_000003,"EU_AI_Act_Art15,ISO42001_Fairness",standard,False,True,5c8a8fd0-a4bb-4e89-9a9c-140422d5820b,2025-08-21,189,162,1.0
27,321491,785,Student,Approved,a3d23b80-3a28-47c5-868d-5bb2bb98bce6,2025-08-21T14:33:02.228099,15 (Article 15(1)),llama3.2:3b,6bc57929fbf4a49bcfa232e54686ad36,True,"gender,age",critical,5c8a8fd0-a4bb-4e89-9a9c-140422d5820b_000004,"EU_AI_Act_Art15,ISO42001_Fairness",standard,False,True,5c8a8fd0-a4bb-4e89-9a9c-140422d5820b,2025-08-21,189,162,1.0
61,466296,850,Unemployed,Approved,3d0a8e9a-ccf5-42f5-adc2-af6ec821fa35,2025-08-21T14:33:02.228142,15 (Article 15(1)),llama3.2:3b,6bc57929fbf4a49bcfa232e54686ad36,True,"gender,age",critical,5c8a8fd0-a4bb-4e89-9a9c-140422d5820b_000005,"EU_AI_Act_Art15,ISO42001_Fairness",standard,False,True,5c8a8fd0-a4bb-4e89-9a9c-140422d5820b,2025-08-21,189,162,1.0
58,184951,683,Employed Part-Time,Denied,a1ba09d6-f264-4184-b14e-afcc7eb120f3,2025-08-21T14:33:02.228421,15 (Article 15(1)),llama3.2:3b,6bc57929fbf4a49bcfa232e54686ad36,True,disability,critical,5c8a8fd0-a4bb-4e89-9a9c-140422d5820b_000000,"EU_AI_Act_Art15,ISO42001_Fairness",standard,False,True,5c8a8fd0-a4bb-4e89-9a9c-140422d5820b,2025-08-21,189,162,1.0
22,472406,850,Unemployed,Approved,de09bc91-4bef-4530-a0bc-f32cace1e4b2,2025-08-21T14:33:02.228597,15 (Article 15(1)),llama3.2:3b,6bc57929fbf4a49bcfa232e54686ad36,True,disability,critical,5c8a8fd0-a4bb-4e89-9a9c-140422d5820b_000001,"EU_AI_Act_Art15,ISO42001_Fairness",standard,False,True,5c8a8fd0-a4bb-4e89-9a9c-140422d5820b,2025-08-21,189,162,1.0
55,50337,502,Employed Full-Time,Denied,bb94a907-8544-49a8-86b3-2c68a0e67e67,2025-08-21T14:33:02.228747,15 (Article 15(1)),llama3.2:3b,6bc57929fbf4a49bcfa232e54686ad36,True,disability,critical,5c8a8fd0-a4bb-4e89-9a9c-140422d5820b_000002,"EU_AI_Act_Art15,ISO42001_Fairness",standard,False,True,5c8a8fd0-a4bb-4e89-9a9c-140422d5820b,2025-08-21,189,162,1.0
24,357598,787,Unemployed,Approved,c088f39b-7b58-4200-af6d-8631ffb18d3a,2025-08-21T14:33:02.228823,15 (Article 15(1)),llama3.2:3b,6bc57929fbf4a49bcfa232e54686ad36,True,disability,critical,5c8a8fd0-a4bb-4e89-9a9c-140422d5820b_000003,"EU_AI_Act_Art15,ISO42001_Fairness",standard,False,True,5c8a8fd0-a4bb-4e89-9a9c-140422d5820b,2025-08-21,189,162,1.0
22,410085,835,Employed Full-Time,Approved,feb80a8c-c571-422f-8625-b925a53319aa,2025-08-21T14:33:02.228905,15 (Article 15(1)),llama3.2:3b,6bc57929fbf4a49bcfa232e54686ad36,True,disability,critical,5c8a8fd0-a4bb-4e89-9a9c-140422d5820b_000004,"EU_AI_Act_Art15,ISO42001_Fairness",standard,False,True,5c8a8fd0-a4bb-4e89-9a9c-140422d5820b,2025-08-21,189,162,1.0
47,114561,629,Student,Approved,8d6e139b-e58f-4734-9dbc-9bb4fdc2e9e0,2025-08-21T14:33:02.228956,15 (Article 15(1)),llama3.2:3b,6bc57929fbf4a49bcfa232e54686ad36,True,disability,critical,5c8a8fd0-a4bb-4e89-9a9c-140422d5820b_000005,"EU_AI_Act_Art15,ISO42001_Fairness",standard,False,True,5c8a8fd0-a4bb-4e89-9a9c-140422d5820b,2025-08-21,189,162,1.0
22,57982,541,Retired,Denied,54608293-2c09-479d-8309-2775e6303188,2025-08-21T14:33:02.229199,8. **Historical Discrimination Pattern Detection**,llama3.2:3b,6bc57929fbf4a49bcfa232e54686ad36,True,,high,5c8a8fd0-a4bb-4e89-9a9c-140422d5820b_000000,"EU_AI_Act_Art15,ISO42001_Fairness",standard,False,True,5c8a8fd0-a4bb-4e89-9a9c-140422d5820b,2025-08-21,189,162,1.0
38,126754,627,Retired,Approved,d802c483-e1e1-4735-90d3-2621662cd8e7,2025-08-21T14:33:02.229249,8. **Historical Discrimination Pattern Detection**,llama3.2:3b,6bc57929fbf4a49bcfa232e54686ad36,True,,high,5c8a8fd0-a4bb-4e89-9a9c-140422d5820b_000001,"EU_AI_Act_Art15,ISO42001_Fairness",standard,False,True,5c8a8fd0-a4bb-4e89-9a9c-140422d5820b,2025-08-21,189,162,1.0
59,481465,724,Student,Approved,fd3cfe9b-4632-471d-8fd5-f4a08818bb3d,2025-08-21T14:33:02.229293,8. **Historical Discrimination Pattern Detection**,llama3.2:3b,6bc57929fbf4a49bcfa232e54686ad36,True,,high,5c8a8fd0-a4bb-4e89-9a9c-140422d5820b_000002,"EU_AI_Act_Art15,ISO42001_Fairness",standard,False,True,5c8a8fd0-a4bb-4e89-9a9c-140422d5820b,2025-08-21,189,162,1.0
23,403618,783,Employed Full-Time,Approved,04df2c02-38ca-4f99-9d56-1819c4542d34,2025-08-21T14:33:02.229342,8. **Historical Discrimination Pattern Detection**,llama3.2:3b,6bc57929fbf4a49bcfa232e54686ad36,True,,high,5c8a8fd0-a4bb-4e89-9a9c-140422d5820b_000003,"EU_AI_Act_Art15,ISO42001_Fairness",standard,False,True,5c8a8fd0-a4bb-4e89-9a9c-140422d5820b,2025-08-21,189,162,1.0
41,424005,840,Student,Approved,4995992e-c3eb-46c1-ac88-889aaa4699ea,2025-08-21T14:33:02.229374,8. **Historical Discrimination Pattern Detection**,llama3.2:3b,6bc57929fbf4a49bcfa232e54686ad36,True,,high,5c8a8fd0-a4bb-4e89-9a9c-140422d5820b_000004,"EU_AI_Act_Art15,ISO42001_Fairness",standard,False,True,5c8a8fd0-a4bb-4e89-9a9c-140422d5820b,2025-08-21,189,162,1.0
68,465150,796,Employed Part-Time,Approved,56bfca4d-27d1-4e50-8c6f-a1ef8376ad95,2025-08-21T14:33:02.229403,8. **Historical Discrimination Pattern Detection**,llama3.2:3b,6bc57929fbf4a49bcfa232e54686ad36,True,,high,5c8a8fd0-a4bb-4e89-9a9c-140422d5820b_000005,"EU_AI_Act_Art15,ISO42001_Fairness",standard,False,True,5c8a8fd0-a4bb-4e89-9a9c-140422d5820b,2025-08-21,189,162,1.0
79,75472,619,Retired,Denied,35b791f4-ceb5-4779-948f-5ca10795c0b5,2025-08-21T14:33:02.229510,15 (Article 15(1)),llama3.2:3b,6bc57929fbf4a49bcfa232e54686ad36,True,,critical,5c8a8fd0-a4bb-4e89-9a9c-140422d5820b_000000,"EU_AI_Act_Art15,ISO42001_Fairness",standard,False,True,5c8a8fd0-a4bb-4e89-9a9c-140422d5820b,2025-08-21,189,162,1.0
25,437843,811,Employed Full-Time,Approved,bf75e97d-dea5-4ac4-a12d-e41b9314ab59,2025-08-21T14:33:02.229545,15 (Article 15(1)),llama3.2:3b,6bc57929fbf4a49bcfa232e54686ad36,True,,critical,5c8a8fd0-a4bb-4e89-9a9c-140422d5820b_000001,"EU_AI_Act_Art15,ISO42001_Fairness",standard,False,True,5c8a8fd0-a4bb-4e89-9a9c-140422d5820b,2025-08-21,189,162,1.0
37,235434,758,Student,Approved,9b1b6bee-ff19-43c2-ad66-fd8a7af925b4,2025-08-21T14:33:02.229573,15 (Article 15(1)),llama3.2:3b,6bc57929fbf4a49bcfa232e54686ad36,True,,critical,5c8a8fd0-a4bb-4e89-9a9c-140422d5820b_000002,"EU_AI_Act_Art15,ISO42001_Fairness",standard,False,True,5c8a8fd0-a4bb-4e89-9a9c-140422d5820b,2025-08-21,189,162,1.0
56,103967,622,Unemployed,Denied,bab881dd-d59b-41af-9177-c9d79472262a,2025-08-21T14:33:02.229655,15 (Article 15(1)),llama3.2:3b,6bc57929fbf4a49bcfa232e54686ad36,True,,critical,5c8a8fd0-a4bb-4e89-9a9c-140422d5820b_000003,"EU_AI_Act_Art15,ISO42001_Fairness",standard,False,True,5c8a8fd0-a4bb-4e89-9a9c-140422d5820b,2025-08-21,189,162,1.0
80,380090,783,Unemployed,Approved,1ec598db-5733-4dc6-a036-dfc97d3e2fc1,2025-08-21T14:33:02.229686,15 (Article 15(1)),llama3.2:3b,6bc57929fbf4a49bcfa232e54686ad36,True,,critical,5c8a8fd0-a4bb-4e89-9a9c-140422d5820b_000004,"EU_AI_Act_Art15,ISO42001_Fairness",standard,False,True,5c8a8fd0-a4bb-4e89-9a9c-140422d5820b,2025-08-21,189,162,1.0
47,293466,827,Employed Full-Time,Approved,67ba9e95-c860-473a-b129-91eb75c1e642,2025-08-21T14:33:02.229757,15 (Article 15(1)),llama3.2:3b,6bc57929fbf4a49bcfa232e54686ad36,True,,critical,5c8a8fd0-a4bb-4e89-9a9c-140422d5820b_000005,"EU_AI_Act_Art15,ISO42001_Fairness",standard,False,True,5c8a8fd0-a4bb-4e89-9a9c-140422d5820b,2025-08-21,189,162,1.0
35,157456,525,Unemployed,Approved,2160b04a-6b3b-4926-a360-a37e575e4c94,2025-08-21T14:33:02.229930,9. **Demographic Parity Testing Scenarios**,llama3.2:3b,6bc57929fbf4a49bcfa232e54686ad36,True,,medium,5c8a8fd0-a4bb-4e89-9a9c-140422d5820b_000000,,standard,False,True,5c8a8fd0-a4bb-4e89-9a9c-140422d5820b,2025-08-21,189,162,1.0
44,316827,748,Unemployed,Denied,d31da577-8ba4-4564-9746-f9366f8b52bc,2025-08-21T14:33:02.230010,9. **Demographic Parity Testing Scenarios**,llama3.2:3b,6bc57929fbf4a49bcfa232e54686ad36,True,,medium,5c8a8fd0-a4bb-4e89-9a9c-140422d5820b_000001,,standard,False,True,5c8a8fd0-a4bb-4e89-9a9c-140422d5820b,2025-08-21,189,162,1.0
39,325322,805,Employed Part-Time,Approved,c69bc03c-f622-4ff9-be15-ca8c36c57e5c,2025-08-21T14:33:02.230043,9. **Demographic Parity Testing Scenarios**,llama3.2:3b,6bc57929fbf4a49bcfa232e54686ad36,True,,medium,5c8a8fd0-a4bb-4e89-9a9c-140422d5820b_000002,,standard,False,True,5c8a8fd0-a4bb-4e89-9a9c-140422d5820b,2025-08-21,189,162,1.0
66,297810,772,Self-Employed,Approved,f75cfff8-2c38-47a6-8e04-2db4fe77b9fe,2025-08-21T14:33:02.230071,9. **Demographic Parity Testing Scenarios**,llama3.2:3b,6bc57929fbf4a49bcfa232e54686ad36,True,,medium,5c8a8fd0-a4bb-4e89-9a9c-140422d5820b_000003,,standard,False,True,5c8a8fd0-a4bb-4e89-9a9c-140422d5820b,2025-08-21,189,162,1.0
54,444549,758,Self-Employed,Approved,cacfb82f-073a-4e4e-8ccb-6542575f46b7,2025-08-21T14:33:02.230100,9. **Demographic Parity Testing Scenarios**,llama3.2:3b,6bc57929fbf4a49bcfa232e54686ad36,True,,medium,5c8a8fd0-a4bb-4e89-9a9c-140422d5820b_000004,,standard,False,True,5c8a8fd0-a4bb-4e89-9a9c-140422d5820b,2025-08-21,189,162,1.0
33,294311,784,Retired,Approved,a11f8678-a402-46f5-886e-844af3f47241,2025-08-21T14:33:02.230128,9. **Demographic Parity Testing Scenarios**,llama3.2:3b,6bc57929fbf4a49bcfa232e54686ad36,True,,medium,5c8a8fd0-a4bb-4e89-9a9c-140422d5820b_000005,,standard,False,True,5c8a8fd0-a4bb-4e89-9a9c-140422d5820b,2025-08-21,189,162,1.0
63,438729,782,Student,Approved,cac22107-94cc-4460-bd32-1eaed9f4669f,2025-08-21T14:33:02.230341,15 (Article 15(2)),llama3.2:3b,6bc57929fbf4a49bcfa232e54686ad36,True,,critical,5c8a8fd0-a4bb-4e89-9a9c-140422d5820b_000000,,standard,False,True,5c8a8fd0-a4bb-4e89-9a9c-140422d5820b,2025-08-21,189,162,1.0
39,193435,646,Employed Part-Time,Denied,7e0f3add-4950-48fe-911f-26b6098b0991,2025-08-21T14:33:02.230415,15 (Article 15(2)),llama3.2:3b,6bc57929fbf4a49bcfa232e54686ad36,True,,critical,5c8a8fd0-a4bb-4e89-9a9c-140422d5820b_000001,,standard,False,True,5c8a8fd0-a4bb-4e89-9a9c-140422d5820b,2025-08-21,189,162,1.0
48,142561,602,Employed Full-Time,Denied,5b81e5e6-00e2-4bb5-9a19-700429203363,2025-08-21T14:33:02.230444,15 (Article 15(2)),llama3.2:3b,6bc57929fbf4a49bcfa232e54686ad36,True,,critical,5c8a8fd0-a4bb-4e89-9a9c-140422d5820b_000002,,standard,False,True,5c8a8fd0-a4bb-4e89-9a9c-140422d5820b,2025-08-21,189,162,1.0
64,128447,656,Student,Approved,476285bc-e7b5-4e72-a5e8-d736d21e8d22,2025-08-21T14:33:02.230473,15 (Article 15(2)),llama3.2:3b,6bc57929fbf4a49bcfa232e54686ad36,True,,critical,5c8a8fd0-a4bb-4e89-9a9c-140422d5820b_000003,,standard,False,True,5c8a8fd0-a4bb-4e89-9a9c-140422d5820b,2025-08-21,189,162,1.0
63,470323,824,Employed Full-Time,Approved,d554a106-2bc0-4e20-86cf-39843ade9ab5,2025-08-21T14:33:02.230501,15 (Article 15(2)),llama3.2:3b,6bc57929fbf4a49bcfa232e54686ad36,True,,critical,5c8a8fd0-a4bb-4e89-9a9c-140422d5820b_000004,,standard,False,True,5c8a8fd0-a4bb-4e89-9a9c-140422d5820b,2025-08-21,189,162,1.0
70,93222,545,Employed Full-Time,Denied,cd3efc60-925f-4f21-87e1-373027c7970e,2025-08-21T14:33:02.230529,15 (Article 15(2)),llama3.2:3b,6bc57929fbf4a49bcfa232e54686ad36,True,,critical,5c8a8fd0-a4bb-4e89-9a9c-140422d5820b_000005,,standard,False,True,5c8a8fd0-a4bb-4e89-9a9c-140422d5820b,2025-08-21,189,162,1.0
45,361254,752,Student,Approved,f1d5c26e-d7c2-42f2-8900-e6b6b967c89c,2025-08-21T14:33:02.230741,15 (Article 15(1)),llama3.2:3b,6bc57929fbf4a49bcfa232e54686ad36,True,"gender,age",critical,5c8a8fd0-a4bb-4e89-9a9c-140422d5820b_000000,"EU_AI_Act_Art15,ISO42001_Fairness",standard,False,True,5c8a8fd0-a4bb-4e89-9a9c-140422d5820b,2025-08-21,189,162,1.0
62,75175,586,Employed Part-Time,Denied,580f3a03-d1e4-4652-8a85-c2daa0b5377f,2025-08-21T14:33:02.230795,15 (Article 15(1)),llama3.2:3b,6bc57929fbf4a49bcfa232e54686ad36,True,"gender,age",critical,5c8a8fd0-a4bb-4e89-9a9c-140422d5820b_000001,"EU_AI_Act_Art15,ISO42001_Fairness",standard,False,True,5c8a8fd0-a4bb-4e89-9a9c-140422d5820b,2025-08-21,189,162,1.0
43,400107,779,Unemployed,Approved,dc00ea52-4c34-4f22-a9b4-83912345593b,2025-08-21T14:33:02.230829,15 (Article 15(1)),llama3.2:3b,6bc57929fbf4a49bcfa232e54686ad36,True,"gender,age",critical,5c8a8fd0-a4bb-4e89-9a9c-140422d5820b_000002,"EU_AI_Act_Art15,ISO42001_Fairness",standard,False,True,5c8a8fd0-a4bb-4e89-9a9c-140422d5820b,2025-08-21,189,162,1.0
51,261420,741,Retired,Approved,59254161-7b8c-45ed-bbbb-7825b92b1452,2025-08-21T14:33:02.230859,15 (Article 15(1)),llama3.2:3b,6bc57929fbf4a49bcfa232e54686ad36,True,"gender,age",critical,5c8a8fd0-a4bb-4e89-9a9c-140422d5820b_000003,"EU_AI_Act_Art15,ISO42001_Fairness",standard,False,True,5c8a8fd0-a4bb-4e89-9a9c-140422d5820b,2025-08-21,189,162,1.0
47,470798,806,Self-Employed,Approved,d3c08166-7233-4ded-bcf4-297e1732fb29,2025-08-21T14:33:02.230887,15 (Article 15(1)),llama3.2:3b,6bc57929fbf4a49bcfa232e54686ad36,True,"gender,age",critical,5c8a8fd0-a4bb-4e89-9a9c-140422d5820b_000004,"EU_AI_Act_Art15,ISO42001_Fairness",standard,False,True,5c8a8fd0-a4bb-4e89-9a9c-140422d5820b,2025-08-21,189,162,1.0
36,98035,587,Employed Full-Time,Denied,eeceda64-34b1-44f1-9be9-b2e373bef806,2025-08-21T14:33:02.230917,15 (Article 15(1)),llama3.2:3b,6bc57929fbf4a49bcfa232e54686ad36,True,"gender,age",critical,5c8a8fd0-a4bb-4e89-9a9c-140422d5820b_000005,"EU_AI_Act_Art15,ISO42001_Fairness",standard,False,True,5c8a8fd0-a4bb-4e89-9a9c-140422d5820b,2025-08-21,189,162,1.0
48,159833,595,Employed Part-Time,Denied,3f986a29-37cd-4ff8-ba08-c5e37c7f2931,2025-08-21T14:33:02.230946,15 (Article 15(1)),llama3.2:3b,6bc57929fbf4a49bcfa232e54686ad36,True,"gender,age",critical,5c8a8fd0-a4bb-4e89-9a9c-140422d5820b_000006,"EU_AI_Act_Art15,ISO42001_Fairness",standard,False,True,5c8a8fd0-a4bb-4e89-9a9c-140422d5820b,2025-08-21,189,162,1.0
53,463797,850,Employed Part-Time,Approved,98b33744-e433-4d2e-86f1-8c4753aa07e0,2025-08-21T14:33:02.230974,15 (Article 15(1)),llama3.2:3b,6bc57929fbf4a49bcfa232e54686ad36,True,"gender,age",critical,5c8a8fd0-a4bb-4e89-9a9c-140422d5820b_000007,"EU_AI_Act_Art15,ISO42001_Fairness",standard,False,True,5c8a8fd0-a4bb-4e89-9a9c-140422d5820b,2025-08-21,189,162,1.0
73,471619,815,Retired,Approved,800a01bb-c4d5-492f-a78e-91a737bd21ba,2025-08-21T14:33:02.231002,15 (Article 15(1)),llama3.2:3b,6bc57929fbf4a49bcfa232e54686ad36,True,"gender,age",critical,5c8a8fd0-a4bb-4e89-9a9c-140422d5820b_000008,"EU_AI_Act_Art15,ISO42001_Fairness",standard,False,True,5c8a8fd0-a4bb-4e89-9a9c-140422d5820b,2025-08-21,189,162,1.0
42,373822,837,Employed Full-Time,Approved,907239fe-558a-465b-8b17-c3a9c05853ea,2025-08-21T14:33:02.231029,15 (Article 15(1)),llama3.2:3b,6bc57929fbf4a49bcfa232e54686ad36,True,"gender,age",critical,5c8a8fd0-a4bb-4e89-9a9c-140422d5820b_000009,"EU_AI_Act_Art15,ISO42001_Fairness",standard,False,True,5c8a8fd0-a4bb-4e89-9a9c-140422d5820b,2025-08-21,189,162,1.0
36,372459,830,Employed Part-Time,Approved,dd267310-b77c-4a9f-87e2-14db4a7415a0,2025-08-21T14:33:02.231056,15 (Article 15(1)),llama3.2:3b,6bc57929fbf4a49bcfa232e54686ad36,True,"gender,age",critical,5c8a8fd0-a4bb-4e89-9a9c-140422d5820b_000010,"EU_AI_Act_Art15,ISO42001_Fairness",standard,False,True,5c8a8fd0-a4bb-4e89-9a9c-140422d5820b,2025-08-21,189,162,1.0
34,196175,690,Student,Denied,98011c1d-c6ec-4f44-b8d4-288b63333df8,2025-08-21T14:33:02.231085,15 (Article 15(1)),llama3.2:3b,6bc57929fbf4a49bcfa232e54686ad36,True,"gender,age",critical,5c8a8fd0-a4bb-4e89-9a9c-140422d5820b_000011,"EU_AI_Act_Art15,ISO42001_Fairness",standard,False,True,5c8a8fd0-a4bb-4e89-9a9c-140422d5820b,2025-08-21,189,162,1.0
43,421711,850,Student,Approved,94387b0e-cdcb-4d3b-81e0-ea2a9b3b2a00,2025-08-21T14:33:02.231113,15 (Article 15(1)),llama3.2:3b,6bc57929fbf4a49bcfa232e54686ad36,True,"gender,age",critical,5c8a8fd0-a4bb-4e89-9a9c-140422d5820b_000012,"EU_AI_Act_Art15,ISO42001_Fairness",standard,False,True,5c8a8fd0-a4bb-4e89-9a9c-140422d5820b,2025-08-21,189,162,1.0
55,120274,551,Self-Employed,Approved,e7ac6a46-7be9-4fae-9450-f9755a8f5d02,2025-08-21T14:33:02.231143,15 (Article 15(1)),llama3.2:3b,6bc57929fbf4a49bcfa232e54686ad36,True,"gender,age",critical,5c8a8fd0-a4bb-4e89-9a9c-140422d5820b_000013,"EU_AI_Act_Art15,ISO42001_Fairness",standard,False,True,5c8a8fd0-a4bb-4e89-9a9c-140422d5820b,2025-08-21,189,162,1.0
22,429545,787,Student,Approved,97450188-9a21-493b-b050-c86c4c22636f,2025-08-21T14:33:02.231170,15 (Article 15(1)),llama3.2:3b,6bc57929fbf4a49bcfa232e54686ad36,True,"gender,age",critical,5c8a8fd0-a4bb-4e89-9a9c-140422d5820b_000014,"EU_AI_Act_Art15,ISO42001_Fairness",standard,False,True,5c8a8fd0-a4bb-4e89-9a9c-140422d5820b,2025-08-21,189,162,1.0
57,229064,686,Employed Full-Time,Approved,fb2b36bd-5f57-4dd6-9074-436cf54bd4c4,2025-08-21T14:33:02.231198,15 (Article 15(1)),llama3.2:3b,6bc57929fbf4a49bcfa232e54686ad36,True,"gender,age",critical,5c8a8fd0-a4bb-4e89-9a9c-140422d5820b_000015,"EU_AI_Act_Art15,ISO42001_Fairness",standard,False,True,5c8a8fd0-a4bb-4e89-9a9c-140422d5820b,2025-08-21,189,162,1.0
57,138791,673,Student,Approved,fcd722a9-06e9-4c24-a1fe-dc47d4750ec8,2025-08-21T14:33:02.231225,15 (Article 15(1)),llama3.2:3b,6bc57929fbf4a49bcfa232e54686ad36,True,"gender,age",critical,5c8a8fd0-a4bb-4e89-9a9c-140422d5820b_000016,"EU_AI_Act_Art15,ISO42001_Fairness",standard,False,True,5c8a8fd0-a4bb-4e89-9a9c-140422d5820b,2025-08-21,189,162,1.0
19,305564,767,Employed Part-Time,Approved,59065b6e-66ae-4333-ac4a-8c21c4d89b85,2025-08-21T14:33:02.231252,15 (Article 15(1)),llama3.2:3b,6bc57929fbf4a49bcfa232e54686ad36,True,"gender,age",critical,5c8a8fd0-a4bb-4e89-9a9c-140422d5820b_000017,"EU_AI_Act_Art15,ISO42001_Fairness",standard,False,True,5c8a8fd0-a4bb-4e89-9a9c-140422d5820b,2025-08-21,189,162,1.0
25,106355,583,Self-Employed,Denied,ad145e95-6649-45e6-91b7-a8c174c6f5df,2025-08-21T14:33:02.231280,15 (Article 15(1)),llama3.2:3b,6bc57929fbf4a49bcfa232e54686ad36,True,"gender,age",critical,5c8a8fd0-a4bb-4e89-9a9c-140422d5820b_000018,"EU_AI_Act_Art15,ISO42001_Fairness",standard,False,True,5c8a8fd0-a4bb-4e89-9a9c-140422d5820b,2025-08-21,189,162,1.0
20,374712,751,Employed Full-Time,Approved,78d1e02f-79d7-49a3-8c0e-25d6f3d09c39,2025-08-21T14:33:02.231319,15 (Article 15(1)),llama3.2:3b,6bc57929fbf4a49bcfa232e54686ad36,True,"gender,age",critical,5c8a8fd0-a4bb-4e89-9a9c-140422d5820b_000019,"EU_AI_Act_Art15,ISO42001_Fairness",standard,False,True,5c8a8fd0-a4bb-4e89-9a9c-140422d5820b,2025-08-21,189,162,1.0
24,192697,739,Employed Part-Time,Approved,b8f70fc2-477c-4ac2-b9b1-4b8d0dc3bf58,2025-08-21T14:33:02.231347,15 (Article 15(1)),llama3.2:3b,6bc57929fbf4a49bcfa232e54686ad36,True,"gender,age",critical,5c8a8fd0-a4bb-4e89-9a9c-140422d5820b_000020,"EU_AI_Act_Art15,ISO42001_Fairness",standard,False,True,5c8a8fd0-a4bb-4e89-9a9c-140422d5820b,2025-08-21,189,162,1.0
23,309433,816,Student,Approved,c52cace4-e960-4060-84cd-1c664c37952b,2025-08-21T14:33:02.231374,15 (Article 15(1)),llama3.2:3b,6bc57929fbf4a49bcfa232e54686ad36,True,"gender,age",critical,5c8a8fd0-a4bb-4e89-9a9c-140422d5820b_000021,"EU_AI_Act_Art15,ISO42001_Fairness",standard,False,True,5c8a8fd0-a4bb-4e89-9a9c-140422d5820b,2025-08-21,189,162,1.0
31,414824,775,Employed Full-Time,Approved,6313423d-1b4e-4b4b-9cd0-091278aabc57,2025-08-21T14:33:02.231401,15 (Article 15(1)),llama3.2:3b,6bc57929fbf4a49bcfa232e54686ad36,True,"gender,age",critical,5c8a8fd0-a4bb-4e89-9a9c-140422d5820b_000022,"EU_AI_Act_Art15,ISO42001_Fairness",standard,False,True,5c8a8fd0-a4bb-4e89-9a9c-140422d5820b,2025-08-21,189,162,1.0
37,89383,514,Employed Part-Time,Denied,7b964e7e-5d56-4ea8-be40-19e07c174a73,2025-08-21T14:33:02.231429,15 (Article 15(1)),llama3.2:3b,6bc57929fbf4a49bcfa232e54686ad36,True,"gender,age",critical,5c8a8fd0-a4bb-4e89-9a9c-140422d5820b_000023,"EU_AI_Act_Art15,ISO42001_Fairness",standard,False,True,5c8a8fd0-a4bb-4e89-9a9c-140422d5820b,2025-08-21,189,162,1.0
21,158218,608,Student,Denied,cef6c5a8-cf23-4eeb-9b0c-02342589979f,2025-08-21T14:33:02.231456,15 (Article 15(1)),llama3.2:3b,6bc57929fbf4a49bcfa232e54686ad36,True,"gender,age",critical,5c8a8fd0-a4bb-4e89-9a9c-140422d5820b_000024,"EU_AI_Act_Art15,ISO42001_Fairness",standard,False,True,5c8a8fd0-a4bb-4e89-9a9c-140422d5820b,2025-08-21,189,162,1.0
21,77906,533,Employed Part-Time,Denied,cdba23f0-84e3-4e1e-bc78-0076a98a0662,2025-08-21T14:33:02.231542,15 (Article 15(1)),llama3.2:3b,6bc57929fbf4a49bcfa232e54686ad36,True,disability,critical,5c8a8fd0-a4bb-4e89-9a9c-140422d5820b_000000,"EU_AI_Act_Art15,ISO42001_Fairness",standard,False,True,5c8a8fd0-a4bb-4e89-9a9c-140422d5820b,2025-08-21,189,162,1.0
22,75384,564,Unemployed,Approved,f5f0ae8e-3f1b-423c-9cfc-872308ed8253,2025-08-21T14:33:02.231571,15 (Article 15(1)),llama3.2:3b,6bc57929fbf4a49bcfa232e54686ad36,True,disability,critical,5c8a8fd0-a4bb-4e89-9a9c-140422d5820b_000001,"EU_AI_Act_Art15,ISO42001_Fairness",standard,False,True,5c8a8fd0-a4bb-4e89-9a9c-140422d5820b,2025-08-21,189,162,1.0
32,198173,712,Retired,Approved,d0c34814-e847-41f4-98f1-6a1c61daf7a9,2025-08-21T14:33:02.231599,15 (Article 15(1)),llama3.2:3b,6bc57929fbf4a49bcfa232e54686ad36,True,disability,critical,5c8a8fd0-a4bb-4e89-9a9c-140422d5820b_000002,"EU_AI_Act_Art15,ISO42001_Fairness",standard,False,True,5c8a8fd0-a4bb-4e89-9a9c-140422d5820b,2025-08-21,189,162,1.0
55,246844,802,Self-Employed,Approved,cab98ef1-2a20-4866-a57f-06b05c8e98fb,2025-08-21T14:33:02.231628,15 (Article 15(1)),llama3.2:3b,6bc57929fbf4a49bcfa232e54686ad36,True,disability,critical,5c8a8fd0-a4bb-4e89-9a9c-140422d5820b_000003,"EU_AI_Act_Art15,ISO42001_Fairness",standard,False,True,5c8a8fd0-a4bb-4e89-9a9c-140422d5820b,2025-08-21,189,162,1.0
59,491603,850,Unemployed,Approved,86058df0-ac77-48f9-b5c3-b16970dacab7,2025-08-21T14:33:02.231656,15 (Article 15(1)),llama3.2:3b,6bc57929fbf4a49bcfa232e54686ad36,True,disability,critical,5c8a8fd0-a4bb-4e89-9a9c-140422d5820b_000004,"EU_AI_Act_Art15,ISO42001_Fairness",standard,False,True,5c8a8fd0-a4bb-4e89-9a9c-140422d5820b,2025-08-21,189,162,1.0
33,496263,768,Retired,Approved,939e0e27-fcbf-4f3f-a995-d0aa2220d19b,2025-08-21T14:33:02.231682,15 (Article 15(1)),llama3.2:3b,6bc57929fbf4a49bcfa232e54686ad36,True,disability,critical,5c8a8fd0-a4bb-4e89-9a9c-140422d5820b_000005,"EU_AI_Act_Art15,ISO42001_Fairness",standard,False,True,5c8a8fd0-a4bb-4e89-9a9c-140422d5820b,2025-08-21,189,162,1.0
36,177650,654,Employed Full-Time,Approved,54ba71f9-4673-47af-91b5-d422a8eef9c2,2025-08-21T14:33:02.231709,15 (Article 15(1)),llama3.2:3b,6bc57929fbf4a49bcfa232e54686ad36,True,disability,critical,5c8a8fd0-a4bb-4e89-9a9c-140422d5820b_000006,"EU_AI_Act_Art15,ISO42001_Fairness",standard,False,True,5c8a8fd0-a4bb-4e89-9a9c-140422d5820b,2025-08-21,189,162,1.0
78,170080,610,Employed Part-Time,Denied,fdda4fc6-933a-4b3a-b1e1-0c58e1fbaa42,2025-08-21T14:33:02.231737,15 (Article 15(1)),llama3.2:3b,6bc57929fbf4a49bcfa232e54686ad36,True,disability,critical,5c8a8fd0-a4bb-4e89-9a9c-140422d5820b_000007,"EU_AI_Act_Art15,ISO42001_Fairness",standard,False,True,5c8a8fd0-a4bb-4e89-9a9c-140422d5820b,2025-08-21,189,162,1.0
33,438951,718,Unemployed,Approved,5a5d164e-8082-4376-8554-283935677edd,2025-08-21T14:33:02.231764,15 (Article 15(1)),llama3.2:3b,6bc57929fbf4a49bcfa232e54686ad36,True,disability,critical,5c8a8fd0-a4bb-4e89-9a9c-140422d5820b_000008,"EU_AI_Act_Art15,ISO42001_Fairness",standard,False,True,5c8a8fd0-a4bb-4e89-9a9c-140422d5820b,2025-08-21,189,162,1.0
34,58974,590,Retired,Denied,48fc82a0-8c3a-4d24-a0d5-870ff8fd8f16,2025-08-21T14:33:02.231791,15 (Article 15(1)),llama3.2:3b,6bc57929fbf4a49bcfa232e54686ad36,True,disability,critical,5c8a8fd0-a4bb-4e89-9a9c-140422d5820b_000009,"EU_AI_Act_Art15,ISO42001_Fairness",standard,False,True,5c8a8fd0-a4bb-4e89-9a9c-140422d5820b,2025-08-21,189,162,1.0
41,454970,827,Self-Employed,Approved,f8478620-705f-425f-baeb-5225d81da5f8,2025-08-21T14:33:02.231816,15 (Article 15(1)),llama3.2:3b,6bc57929fbf4a49bcfa232e54686ad36,True,disability,critical,5c8a8fd0-a4bb-4e89-9a9c-140422d5820b_000010,"EU_AI_Act_Art15,ISO42001_Fairness",standard,False,True,5c8a8fd0-a4bb-4e89-9a9c-140422d5820b,2025-08-21,189,162,1.0
19,421937,773,Retired,Approved,52991dba-6926-4482-971e-efbd19325978,2025-08-21T14:33:02.231842,15 (Article 15(1)),llama3.2:3b,6bc57929fbf4a49bcfa232e54686ad36,True,disability,critical,5c8a8fd0-a4bb-4e89-9a9c-140422d5820b_000011,"EU_AI_Act_Art15,ISO42001_Fairness",standard,False,True,5c8a8fd0-a4bb-4e89-9a9c-140422d5820b,2025-08-21,189,162,1.0
50,314192,778,Unemployed,Approved,1fcd3100-e3f5-4094-a456-4bd85d1ac30f,2025-08-21T14:33:02.231867,15 (Article 15(1)),llama3.2:3b,6bc57929fbf4a49bcfa232e54686ad36,True,disability,critical,5c8a8fd0-a4bb-4e89-9a9c-140422d5820b_000012,"EU_AI_Act_Art15,ISO42001_Fairness",standard,False,True,5c8a8fd0-a4bb-4e89-9a9c-140422d5820b,2025-08-21,189,162,1.0
41,320084,830,Employed Full-Time,Approved,581c6062-b58f-4ddf-8940-219b082734ac,2025-08-21T14:33:02.231894,15 (Article 15(1)),llama3.2:3b,6bc57929fbf4a49bcfa232e54686ad36,True,disability,critical,5c8a8fd0-a4bb-4e89-9a9c-140422d5820b_000013,"EU_AI_Act_Art15,ISO42001_Fairness",standard,False,True,5c8a8fd0-a4bb-4e89-9a9c-140422d5820b,2025-08-21,189,162,1.0
67,177569,798,Employed Part-Time,Approved,3fbf1f79-bd9f-4534-9c98-49603c9aaafe,2025-08-21T14:33:02.231920,15 (Article 15(1)),llama3.2:3b,6bc57929fbf4a49bcfa232e54686ad36,True,disability,critical,5c8a8fd0-a4bb-4e89-9a9c-140422d5820b_000014,"EU_AI_Act_Art15,ISO42001_Fairness",standard,False,True,5c8a8fd0-a4bb-4e89-9a9c-140422d5820b,2025-08-21,189,162,1.0
25,275153,801,Student,Approved,24205518-67a7-4d75-b190-184b6b9e1aaa,2025-08-21T14:33:02.231946,15 (Article 15(1)),llama3.2:3b,6bc57929fbf4a49bcfa232e54686ad36,True,disability,critical,5c8a8fd0-a4bb-4e89-9a9c-140422d5820b_000015,"EU_AI_Act_Art15,ISO42001_Fairness",standard,False,True,5c8a8fd0-a4bb-4e89-9a9c-140422d5820b,2025-08-21,189,162,1.0
60,247735,734,Retired,Approved,2d31a607-a4d1-469d-9441-1682843ffb3a,2025-08-21T14:33:02.231972,15 (Article 15(1)),llama3.2:3b,6bc57929fbf4a49bcfa232e54686ad36,True,disability,critical,5c8a8fd0-a4bb-4e89-9a9c-140422d5820b_000016,"EU_AI_Act_Art15,ISO42001_Fairness",standard,False,True,5c8a8fd0-a4bb-4e89-9a9c-140422d5820b,2025-08-21,189,162,1.0
28,138729,676,Student,Denied,4f38b2de-3f2b-4316-a326-9108ecda846c,2025-08-21T14:33:02.232002,15 (Article 15(1)),llama3.2:3b,6bc57929fbf4a49bcfa232e54686ad36,True,disability,critical,5c8a8fd0-a4bb-4e89-9a9c-140422d5820b_000017,"EU_AI_Act_Art15,ISO42001_Fairness",standard,False,True,5c8a8fd0-a4bb-4e89-9a9c-140422d5820b,2025-08-21,189,162,1.0
26,400705,744,Student,Approved,1a884299-644d-424a-81ef-d3b66687b404,2025-08-21T14:33:02.232028,15 (Article 15(1)),llama3.2:3b,6bc57929fbf4a49bcfa232e54686ad36,True,disability,critical,5c8a8fd0-a4bb-4e89-9a9c-140422d5820b_000018,"EU_AI_Act_Art15,ISO42001_Fairness",standard,False,True,5c8a8fd0-a4bb-4e89-9a9c-140422d5820b,2025-08-21,189,162,1.0
22,197150,737,Unemployed,Denied,61c745f0-a893-41c8-9fc7-77b9294e4f0c,2025-08-21T14:33:02.232057,15 (Article 15(1)),llama3.2:3b,6bc57929fbf4a49bcfa232e54686ad36,True,disability,critical,5c8a8fd0-a4bb-4e89-9a9c-140422d5820b_000019,"EU_AI_Act_Art15,ISO42001_Fairness",standard,False,True,5c8a8fd0-a4bb-4e89-9a9c-140422d5820b,2025-08-21,189,162,1.0
26,436350,769,Self-Employed,Approved,4d36aa91-bdc9-41ab-a88f-18c2d2228574,2025-08-21T14:33:02.232085,15 (Article 15(1)),llama3.2:3b,6bc57929fbf4a49bcfa232e54686ad36,True,disability,critical,5c8a8fd0-a4bb-4e89-9a9c-140422d5820b_000020,"EU_AI_Act_Art15,ISO42001_Fairness",standard,False,True,5c8a8fd0-a4bb-4e89-9a9c-140422d5820b,2025-08-21,189,162,1.0
40,492475,802,Retired,Approved,95972281-176a-4db7-88d1-d88f5220fdab,2025-08-21T14:33:02.232111,15 (Article 15(1)),llama3.2:3b,6bc57929fbf4a49bcfa232e54686ad36,True,disability,critical,5c8a8fd0-a4bb-4e89-9a9c-140422d5820b_000021,"EU_AI_Act_Art15,ISO42001_Fairness",standard,False,True,5c8a8fd0-a4bb-4e89-9a9c-140422d5820b,2025-08-21,189,162,1.0
35,319425,713,Retired,Approved,bf29fab9-d174-4249-927f-251b4ab6fda4,2025-08-21T14:33:02.232137,15 (Article 15(1)),llama3.2:3b,6bc57929fbf4a49bcfa232e54686ad36,True,disability,critical,5c8a8fd0-a4bb-4e89-9a9c-140422d5820b_000022,"EU_AI_Act_Art15,ISO42001_Fairness",standard,False,True,5c8a8fd0-a4bb-4e89-9a9c-140422d5820b,2025-08-21,189,162,1.0
34,173384,665,Student,Approved,050e7e94-5378-494b-af45-36938b9e5016,2025-08-21T14:33:02.232164,15 (Article 15(1)),llama3.2:3b,6bc57929fbf4a49bcfa232e54686ad36,True,disability,critical,5c8a8fd0-a4bb-4e89-9a9c-140422d5820b_000023,"EU_AI_Act_Art15,ISO42001_Fairness",standard,False,True,5c8a8fd0-a4bb-4e89-9a9c-140422d5820b,2025-08-21,189,162,1.0
56,413807,774,Self-Employed,Approved,fb58364c-6e56-4896-9a0f-8d4dcde05fd0,2025-08-21T14:33:02.232189,15 (Article 15(1)),llama3.2:3b,6bc57929fbf4a49bcfa232e54686ad36,True,disability,critical,5c8a8fd0-a4bb-4e89-9a9c-140422d5820b_000024,"EU_AI_Act_Art15,ISO42001_Fairness",standard,False,True,5c8a8fd0-a4bb-4e89-9a9c-140422d5820b,2025-08-21,189,162,1.0
57,415095,776,Self-Employed,Approved,0416f388-c5c7-468e-af2e-a85ca07f5e4d,2025-08-21T14:33:02.232453,15 (Article 15(1)),llama3.2:3b,6bc57929fbf4a49bcfa232e54686ad36,True,,critical,5c8a8fd0-a4bb-4e89-9a9c-140422d5820b_000000,"EU_AI_Act_Art15,ISO42001_Fairness",standard,False,True,5c8a8fd0-a4bb-4e89-9a9c-140422d5820b,2025-08-21,189,162,1.0
56,396423,780,Employed Full-Time,Approved,ac36760b-b28d-453e-9f70-1ddfa0442962,2025-08-21T14:33:02.232491,15 (Article 15(1)),llama3.2:3b,6bc57929fbf4a49bcfa232e54686ad36,True,,critical,5c8a8fd0-a4bb-4e89-9a9c-140422d5820b_000001,"EU_AI_Act_Art15,ISO42001_Fairness",standard,False,True,5c8a8fd0-a4bb-4e89-9a9c-140422d5820b,2025-08-21,189,162,1.0
35,90637,538,Unemployed,Approved,153e2a82-1187-4152-afb9-d47d7d49c939,2025-08-21T14:33:02.232520,15 (Article 15(1)),llama3.2:3b,6bc57929fbf4a49bcfa232e54686ad36,True,,critical,5c8a8fd0-a4bb-4e89-9a9c-140422d5820b_000002,"EU_AI_Act_Art15,ISO42001_Fairness",standard,False,True,5c8a8fd0-a4bb-4e89-9a9c-140422d5820b,2025-08-21,189,162,1.0
38,449262,801,Retired,Approved,e04e2a26-a26d-4100-b8b5-695e330fc37e,2025-08-21T14:33:02.232548,15 (Article 15(1)),llama3.2:3b,6bc57929fbf4a49bcfa232e54686ad36,True,,critical,5c8a8fd0-a4bb-4e89-9a9c-140422d5820b_000003,"EU_AI_Act_Art15,ISO42001_Fairness",standard,False,True,5c8a8fd0-a4bb-4e89-9a9c-140422d5820b,2025-08-21,189,162,1.0
62,41924,550,Student,Denied,f131e214-cb5d-4f1e-8d7c-c550b24afb09,2025-08-21T14:33:02.232576,15 (Article 15(1)),llama3.2:3b,6bc57929fbf4a49bcfa232e54686ad36,True,,critical,5c8a8fd0-a4bb-4e89-9a9c-140422d5820b_000004,"EU_AI_Act_Art15,ISO42001_Fairness",standard,False,True,5c8a8fd0-a4bb-4e89-9a9c-140422d5820b,2025-08-21,189,162,1.0
44,396368,762,Employed Part-Time,Approved,bf20f509-df79-4481-82e9-abf224c50068,2025-08-21T14:33:02.232604,15 (Article 15(1)),llama3.2:3b,6bc57929fbf4a49bcfa232e54686ad36,True,,critical,5c8a8fd0-a4bb-4e89-9a9c-140422d5820b_000005,"EU_AI_Act_Art15,ISO42001_Fairness",standard,False,True,5c8a8fd0-a4bb-4e89-9a9c-140422d5820b,2025-08-21,189,162,1.0
33,384616,798,Employed Part-Time,Approved,8c9a6b29-7b60-4694-9560-7851de5e23b2,2025-08-21T14:33:02.232631,15 (Article 15(1)),llama3.2:3b,6bc57929fbf4a49bcfa232e54686ad36,True,,critical,5c8a8fd0-a4bb-4e89-9a9c-140422d5820b_000006,"EU_AI_Act_Art15,ISO42001_Fairness",standard,False,True,5c8a8fd0-a4bb-4e89-9a9c-140422d5820b,2025-08-21,189,162,1.0
69,358918,759,Self-Employed,Approved,42a968d6-a3a1-4e96-bc69-9637e83b7322,2025-08-21T14:33:02.232657,15 (Article 15(1)),llama3.2:3b,6bc57929fbf4a49bcfa232e54686ad36,True,,critical,5c8a8fd0-a4bb-4e89-9a9c-140422d5820b_000007,"EU_AI_Act_Art15,ISO42001_Fairness",standard,False,True,5c8a8fd0-a4bb-4e89-9a9c-140422d5820b,2025-08-21,189,162,1.0
33,188168,708,Student,Approved,8b2bfcf9-3d9f-4d48-9124-2e154019aaf6,2025-08-21T14:33:02.232697,15 (Article 15(1)),llama3.2:3b,6bc57929fbf4a49bcfa232e54686ad36,True,,critical,5c8a8fd0-a4bb-4e89-9a9c-140422d5820b_000008,"EU_AI_Act_Art15,ISO42001_Fairness",standard,False,True,5c8a8fd0-a4bb-4e89-9a9c-140422d5820b,2025-08-21,189,162,1.0
36,234092,773,Retired,Approved,c5f32afe-9676-411e-bc9e-e6d4b10b3f62,2025-08-21T14:33:02.232746,15 (Article 15(1)),llama3.2:3b,6bc57929fbf4a49bcfa232e54686ad36,True,,critical,5c8a8fd0-a4bb-4e89-9a9c-140422d5820b_000009,"EU_AI_Act_Art15,ISO42001_Fairness",standard,False,True,5c8a8fd0-a4bb-4e89-9a9c-140422d5820b,2025-08-21,189,162,1.0
77,461200,800,Student,Approved,71be0b2a-f004-4279-a828-e7efd26d800c,2025-08-21T14:33:02.232776,15 (Article 15(1)),llama3.2:3b,6bc57929fbf4a49bcfa232e54686ad36,True,,critical,5c8a8fd0-a4bb-4e89-9a9c-140422d5820b_000010,"EU_AI_Act_Art15,ISO42001_Fairness",standard,False,True,5c8a8fd0-a4bb-4e89-9a9c-140422d5820b,2025-08-21,189,162,1.0
66,225152,742,Student,Approved,6254222a-ba0c-4aa9-9985-e1a2e1a89fbc,2025-08-21T14:33:02.232872,15 (Article 15(1)),llama3.2:3b,6bc57929fbf4a49bcfa232e54686ad36,True,,critical,5c8a8fd0-a4bb-4e89-9a9c-140422d5820b_000011,"EU_AI_Act_Art15,ISO42001_Fairness",standard,False,True,5c8a8fd0-a4bb-4e89-9a9c-140422d5820b,2025-08-21,189,162,1.0
37,76983,573,Self-Employed,Denied,ee1d9a9d-7ef7-4330-8e42-108abb3e38cb,2025-08-21T14:33:02.232973,15 (Article 15(1)),llama3.2:3b,6bc57929fbf4a49bcfa232e54686ad36,True,,critical,5c8a8fd0-a4bb-4e89-9a9c-140422d5820b_000012,"EU_AI_Act_Art15,ISO42001_Fairness",standard,False,True,5c8a8fd0-a4bb-4e89-9a9c-140422d5820b,2025-08-21,189,162,1.0
26,302957,850,Student,Approved,e8abbb0d-6591-4fd9-9ee2-76b0088a5624,2025-08-21T14:33:02.233003,15 (Article 15(1)),llama3.2:3b,6bc57929fbf4a49bcfa232e54686ad36,True,,critical,5c8a8fd0-a4bb-4e89-9a9c-140422d5820b_000013,"EU_AI_Act_Art15,ISO42001_Fairness",standard,False,True,5c8a8fd0-a4bb-4e89-9a9c-140422d5820b,2025-08-21,189,162,1.0
50,371670,739,Employed Part-Time,Approved,4f054747-7c80-4382-b4e6-8f6850441928,2025-08-21T14:33:02.233030,15 (Article 15(1)),llama3.2:3b,6bc57929fbf4a49bcfa232e54686ad36,True,,critical,5c8a8fd0-a4bb-4e89-9a9c-140422d5820b_000014,"EU_AI_Act_Art15,ISO42001_Fairness",standard,False,True,5c8a8fd0-a4bb-4e89-9a9c-140422d5820b,2025-08-21,189,162,1.0
61,53288,493,Self-Employed,Denied,0d3d11e1-2377-41c9-9732-c2075122ab8c,2025-08-21T14:33:02.233058,15 (Article 15(1)),llama3.2:3b,6bc57929fbf4a49bcfa232e54686ad36,True,,critical,5c8a8fd0-a4bb-4e89-9a9c-140422d5820b_000015,"EU_AI_Act_Art15,ISO42001_Fairness",standard,False,True,5c8a8fd0-a4bb-4e89-9a9c-140422d5820b,2025-08-21,189,162,1.0
59,361969,837,Unemployed,Approved,72384eaa-4851-4611-bda4-73fb25b47e4c,2025-08-21T14:33:02.233086,15 (Article 15(1)),llama3.2:3b,6bc57929fbf4a49bcfa232e54686ad36,True,,critical,5c8a8fd0-a4bb-4e89-9a9c-140422d5820b_000016,"EU_AI_Act_Art15,ISO42001_Fairness",standard,False,True,5c8a8fd0-a4bb-4e89-9a9c-140422d5820b,2025-08-21,189,162,1.0
47,159519,695,Employed Part-Time,Approved,594fa109-2888-42a1-85a0-952cc8324075,2025-08-21T14:33:02.233114,15 (Article 15(1)),llama3.2:3b,6bc57929fbf4a49bcfa232e54686ad36,True,,critical,5c8a8fd0-a4bb-4e89-9a9c-140422d5820b_000017,"EU_AI_Act_Art15,ISO42001_Fairness",standard,False,True,5c8a8fd0-a4bb-4e89-9a9c-140422d5820b,2025-08-21,189,162,1.0
32,328481,850,Retired,Approved,eca3dd93-ab15-4b16-9fe3-73b3d3094dc5,2025-08-21T14:33:02.233140,15 (Article 15(1)),llama3.2:3b,6bc57929fbf4a49bcfa232e54686ad36,True,,critical,5c8a8fd0-a4bb-4e89-9a9c-140422d5820b_000018,"EU_AI_Act_Art15,ISO42001_Fairness",standard,False,True,5c8a8fd0-a4bb-4e89-9a9c-140422d5820b,2025-08-21,189,162,1.0
55,182108,710,Unemployed,Approved,6e365fa6-fab5-44f7-a175-6b973c49ed98,2025-08-21T14:33:02.233167,15 (Article 15(1)),llama3.2:3b,6bc57929fbf4a49bcfa232e54686ad36,True,,critical,5c8a8fd0-a4bb-4e89-9a9c-140422d5820b_000019,"EU_AI_Act_Art15,ISO42001_Fairness",standard,False,True,5c8a8fd0-a4bb-4e89-9a9c-140422d5820b,2025-08-21,189,162,1.0
53,121607,605,Retired,Denied,78e7be2b-8238-47d8-90fa-f41c17ff641b,2025-08-21T14:33:02.233193,15 (Article 15(1)),llama3.2:3b,6bc57929fbf4a49bcfa232e54686ad36,True,,critical,5c8a8fd0-a4bb-4e89-9a9c-140422d5820b_000020,"EU_AI_Act_Art15,ISO42001_Fairness",standard,False,True,5c8a8fd0-a4bb-4e89-9a9c-140422d5820b,2025-08-21,189,162,1.0
66,403746,797,Self-Employed,Approved,ed6d0a07-f513-4261-b212-925a2cce8f8d,2025-08-21T14:33:02.233220,15 (Article 15(1)),llama3.2:3b,6bc57929fbf4a49bcfa232e54686ad36,True,,critical,5c8a8fd0-a4bb-4e89-9a9c-140422d5820b_000021,"EU_AI_Act_Art15,ISO42001_Fairness",standard,False,True,5c8a8fd0-a4bb-4e89-9a9c-140422d5820b,2025-08-21,189,162,1.0
37,455260,780,Unemployed,Approved,775f965f-c93f-4042-b660-812215266ba0,2025-08-21T14:33:02.233246,15 (Article 15(1)),llama3.2:3b,6bc57929fbf4a49bcfa232e54686ad36,True,,critical,5c8a8fd0-a4bb-4e89-9a9c-140422d5820b_000022,"EU_AI_Act_Art15,ISO42001_Fairness",standard,False,True,5c8a8fd0-a4bb-4e89-9a9c-140422d5820b,2025-08-21,189,162,1.0
64,451922,751,Employed Part-Time,Approved,0036ef7b-2330-46ce-920d-d8c8c2a6e79c,2025-08-21T14:33:02.233272,15 (Article 15(1)),llama3.2:3b,6bc57929fbf4a49bcfa232e54686ad36,True,,critical,5c8a8fd0-a4bb-4e89-9a9c-140422d5820b_000023,"EU_AI_Act_Art15,ISO42001_Fairness",standard,False,True,5c8a8fd0-a4bb-4e89-9a9c-140422d5820b,2025-08-21,189,162,1.0
26,443865,850,Student,Approved,9eaa8e42-3d17-425b-b860-f5c075e014de,2025-08-21T14:33:02.233298,15 (Article 15(1)),llama3.2:3b,6bc57929fbf4a49bcfa232e54686ad36,True,,critical,5c8a8fd0-a4bb-4e89-9a9c-140422d5820b_000024,"EU_AI_Act_Art15,ISO42001_Fairness",standard,False,True,5c8a8fd0-a4bb-4e89-9a9c-140422d5820b,2025-08-21,189,162,1.0
57,23769,527,Employed Full-Time,Denied,1f0e1645-d314-4706-9355-2865a6719c1b,2025-08-21T14:33:02.233371,15 (Article 15(2)),llama3.2:3b,6bc57929fbf4a49bcfa232e54686ad36,True,,critical,5c8a8fd0-a4bb-4e89-9a9c-140422d5820b_000000,,standard,False,True,5c8a8fd0-a4bb-4e89-9a9c-140422d5820b,2025-08-21,189,162,1.0
57,311223,727,Unemployed,Approved,3acb141c-710a-4ac1-b1a3-4e3564bd5d7f,2025-08-21T14:33:02.233406,15 (Article 15(2)),llama3.2:3b,6bc57929fbf4a49bcfa232e54686ad36,True,,critical,5c8a8fd0-a4bb-4e89-9a9c-140422d5820b_000001,,standard,False,True,5c8a8fd0-a4bb-4e89-9a9c-140422d5820b,2025-08-21,189,162,1.0
21,464818,846,Unemployed,Approved,4721c1e8-23c1-4a85-aa7f-10af7e6d74f0,2025-08-21T14:33:02.233434,15 (Article 15(2)),llama3.2:3b,6bc57929fbf4a49bcfa232e54686ad36,True,,critical,5c8a8fd0-a4bb-4e89-9a9c-140422d5820b_000002,,standard,False,True,5c8a8fd0-a4bb-4e89-9a9c-140422d5820b,2025-08-21,189,162,1.0
79,141076,679,Unemployed,Denied,355950e5-3132-4472-bb83-bab6eeaa4b76,2025-08-21T14:33:02.233481,15 (Article 15(2)),llama3.2:3b,6bc57929fbf4a49bcfa232e54686ad36,True,,critical,5c8a8fd0-a4bb-4e89-9a9c-140422d5820b_000003,,standard,False,True,5c8a8fd0-a4bb-4e89-9a9c-140422d5820b,2025-08-21,189,162,1.0
22,134610,616,Employed Full-Time,Approved,71235d8a-700b-411a-94b6-ca2977e57cca,2025-08-21T14:33:02.233516,15 (Article 15(2)),llama3.2:3b,6bc57929fbf4a49bcfa232e54686ad36,True,,critical,5c8a8fd0-a4bb-4e89-9a9c-140422d5820b_000004,,standard,False,True,5c8a8fd0-a4bb-4e89-9a9c-140422d5820b,2025-08-21,189,162,1.0
58,248169,731,Self-Employed,Approved,d6223232-b71e-4056-aafc-6c66d7915841,2025-08-21T14:33:02.233546,15 (Article 15(2)),llama3.2:3b,6bc57929fbf4a49bcfa232e54686ad36,True,,critical,5c8a8fd0-a4bb-4e89-9a9c-140422d5820b_000005,,standard,False,True,5c8a8fd0-a4bb-4e89-9a9c-140422d5820b,2025-08-21,189,162,1.0
56,487454,753,Self-Employed,Approved,d8723e1a-ceaf-4b56-8d16-259776d6f08d,2025-08-21T14:33:02.233584,15 (Article 15(2)),llama3.2:3b,6bc57929fbf4a49bcfa232e54686ad36,True,,critical,5c8a8fd0-a4bb-4e89-9a9c-140422d5820b_000006,,standard,False,True,5c8a8fd0-a4bb-4e89-9a9c-140422d5820b,2025-08-21,189,162,1.0
37,338312,770,Self-Employed,Approved,d2ede7aa-952c-47d8-b617-cd7f0548cf2c,2025-08-21T14:33:02.233612,15 (Article 15(2)),llama3.2:3b,6bc57929fbf4a49bcfa232e54686ad36,True,,critical,5c8a8fd0-a4bb-4e89-9a9c-140422d5820b_000007,,standard,False,True,5c8a8fd0-a4bb-4e89-9a9c-140422d5820b,2025-08-21,189,162,1.0
59,108133,549,Retired,Denied,5d9e3435-425c-4abd-b4c4-e5c8ce9b68ab,2025-08-21T14:33:02.233639,15 (Article 15(2)),llama3.2:3b,6bc57929fbf4a49bcfa232e54686ad36,True,,critical,5c8a8fd0-a4bb-4e89-9a9c-140422d5820b_000008,,standard,False,True,5c8a8fd0-a4bb-4e89-9a9c-140422d5820b,2025-08-21,189,162,1.0
55,433216,741,Student,Approved,0e21124a-a175-4b75-82a8-a47416d33b85,2025-08-21T14:33:02.233667,15 (Article 15(2)),llama3.2:3b,6bc57929fbf4a49bcfa232e54686ad36,True,,critical,5c8a8fd0-a4bb-4e89-9a9c-140422d5820b_000009,,standard,False,True,5c8a8fd0-a4bb-4e89-9a9c-140422d5820b,2025-08-21,189,162,1.0
68,280610,773,Retired,Approved,6887769c-b98c-4600-b5ed-d264ae50660d,2025-08-21T14:33:02.233708,15 (Article 15(2)),llama3.2:3b,6bc57929fbf4a49bcfa232e54686ad36,True,,critical,5c8a8fd0-a4bb-4e89-9a9c-140422d5820b_000010,,standard,False,True,5c8a8fd0-a4bb-4e89-9a9c-140422d5820b,2025-08-21,189,162,1.0
59,131392,633,Unemployed,Approved,7405fd09-9d9c-43c2-b1f4-f84d552c92fa,2025-08-21T14:33:02.233744,15 (Article 15(2)),llama3.2:3b,6bc57929fbf4a49bcfa232e54686ad36,True,,critical,5c8a8fd0-a4bb-4e89-9a9c-140422d5820b_000011,,standard,False,True,5c8a8fd0-a4bb-4e89-9a9c-140422d5820b,2025-08-21,189,162,1.0
36,253725,804,Student,Approved,035e7e98-93e9-4a0a-b1b2-f60881adea83,2025-08-21T14:33:02.233771,15 (Article 15(2)),llama3.2:3b,6bc57929fbf4a49bcfa232e54686ad36,True,,critical,5c8a8fd0-a4bb-4e89-9a9c-140422d5820b_000012,,standard,False,True,5c8a8fd0-a4bb-4e89-9a9c-140422d5820b,2025-08-21,189,162,1.0
19,98957,573,Employed Part-Time,Approved,2caa62be-2b75-4f80-be31-967075e80fe6,2025-08-21T14:33:02.233798,15 (Article 15(2)),llama3.2:3b,6bc57929fbf4a49bcfa232e54686ad36,True,,critical,5c8a8fd0-a4bb-4e89-9a9c-140422d5820b_000013,,standard,False,True,5c8a8fd0-a4bb-4e89-9a9c-140422d5820b,2025-08-21,189,162,1.0
46,383972,760,Student,Approved,729c079e-9735-4dbe-b9c3-008c3e621c35,2025-08-21T14:33:02.233825,15 (Article 15(2)),llama3.2:3b,6bc57929fbf4a49bcfa232e54686ad36,True,,critical,5c8a8fd0-a4bb-4e89-9a9c-140422d5820b_000014,,standard,False,True,5c8a8fd0-a4bb-4e89-9a9c-140422d5820b,2025-08-21,189,162,1.0
72,85227,564,Student,Approved,22b3284c-541d-4770-a329-16bcfb03ea4f,2025-08-21T14:33:02.233853,15 (Article 15(2)),llama3.2:3b,6bc57929fbf4a49bcfa232e54686ad36,True,,critical,5c8a8fd0-a4bb-4e89-9a9c-140422d5820b_000015,,standard,False,True,5c8a8fd0-a4bb-4e89-9a9c-140422d5820b,2025-08-21,189,162,1.0
52,456442,795,Unemployed,Approved,0741a3ae-6777-4f5d-b70f-622b28bea040,2025-08-21T14:33:02.233882,15 (Article 15(2)),llama3.2:3b,6bc57929fbf4a49bcfa232e54686ad36,True,,critical,5c8a8fd0-a4bb-4e89-9a9c-140422d5820b_000016,,standard,False,True,5c8a8fd0-a4bb-4e89-9a9c-140422d5820b,2025-08-21,189,162,1.0
49,132882,636,Employed Full-Time,Approved,15e9e184-9a33-4d78-9b61-06ed1da5fb2d,2025-08-21T14:33:02.233908,15 (Article 15(2)),llama3.2:3b,6bc57929fbf4a49bcfa232e54686ad36,True,,critical,5c8a8fd0-a4bb-4e89-9a9c-140422d5820b_000017,,standard,False,True,5c8a8fd0-a4bb-4e89-9a9c-140422d5820b,2025-08-21,189,162,1.0
41,473652,729,Employed Part-Time,Approved,da5c3e81-6a90-4183-bcad-23134aa2e5d6,2025-08-21T14:33:02.233935,15 (Article 15(2)),llama3.2:3b,6bc57929fbf4a49bcfa232e54686ad36,True,,critical,5c8a8fd0-a4bb-4e89-9a9c-140422d5820b_000018,,standard,False,True,5c8a8fd0-a4bb-4e89-9a9c-140422d5820b,2025-08-21,189,162,1.0
70,384126,758,Self-Employed,Approved,7e795f8f-9273-457f-9358-9808108ba8dc,2025-08-21T14:33:02.233962,15 (Article 15(2)),llama3.2:3b,6bc57929fbf4a49bcfa232e54686ad36,True,,critical,5c8a8fd0-a4bb-4e89-9a9c-140422d5820b_000019,,standard,False,True,5c8a8fd0-a4bb-4e89-9a9c-140422d5820b,2025-08-21,189,162,1.0
73,89538,598,Student,Approved,ea0ae555-9505-4bca-b3f3-d9c91d0da0ca,2025-08-21T14:33:02.233990,15 (Article 15(2)),llama3.2:3b,6bc57929fbf4a49bcfa232e54686ad36,True,,critical,5c8a8fd0-a4bb-4e89-9a9c-140422d5820b_000020,,standard,False,True,5c8a8fd0-a4bb-4e89-9a9c-140422d5820b,2025-08-21,189,162,1.0
55,432164,803,Unemployed,Approved,663fcb68-e96c-48c2-a502-f9731436a81b,2025-08-21T14:33:02.234021,15 (Article 15(2)),llama3.2:3b,6bc57929fbf4a49bcfa232e54686ad36,True,,critical,5c8a8fd0-a4bb-4e89-9a9c-140422d5820b_000021,,standard,False,True,5c8a8fd0-a4bb-4e89-9a9c-140422d5820b,2025-08-21,189,162,1.0
66,246360,611,Student,Approved,a3193570-43e1-4b50-b10d-2bd195a3a2e6,2025-08-21T14:33:02.234050,15 (Article 15(2)),llama3.2:3b,6bc57929fbf4a49bcfa232e54686ad36,True,,critical,5c8a8fd0-a4bb-4e89-9a9c-140422d5820b_000022,,standard,False,True,5c8a8fd0-a4bb-4e89-9a9c-140422d5820b,2025-08-21,189,162,1.0
66,264984,675,Employed Full-Time,Approved,97ea02cc-5227-4ad9-988a-bcc113b25566,2025-08-21T14:33:02.234076,15 (Article 15(2)),llama3.2:3b,6bc57929fbf4a49bcfa232e54686ad36,True,,critical,5c8a8fd0-a4bb-4e89-9a9c-140422d5820b_000023,,standard,False,True,5c8a8fd0-a4bb-4e89-9a9c-140422d5820b,2025-08-21,189,162,1.0
23,441439,825,Self-Employed,Approved,699e7f60-f202-4b47-8e81-8989131d9cc4,2025-08-21T14:33:02.234102,15 (Article 15(2)),llama3.2:3b,6bc57929fbf4a49bcfa232e54686ad36,True,,critical,5c8a8fd0-a4bb-4e89-9a9c-140422d5820b_000024,,standard,False,True,5c8a8fd0-a4bb-4e89-9a9c-140422d5820b,2025-08-21,189,162,1.0
27,397735,781,Employed Full-Time,Approved,d4ab4ee1-8824-46c0-8b31-f4d6577393c0,2025-08-21T14:33:02.234164,42001 Compliance Scenarios**,llama3.2:3b,6bc57929fbf4a49bcfa232e54686ad36,False,"gender,age",high,5c8a8fd0-a4bb-4e89-9a9c-140422d5820b_000000,,standard,False,True,5c8a8fd0-a4bb-4e89-9a9c-140422d5820b,2025-08-21,189,162,1.0
56,74110,512,Student,Denied,4f8fe346-cc41-420f-8544-3f2dd8bcd25c,2025-08-21T14:33:02.234192,42001 Compliance Scenarios**,llama3.2:3b,6bc57929fbf4a49bcfa232e54686ad36,False,"gender,age",high,5c8a8fd0-a4bb-4e89-9a9c-140422d5820b_000001,,standard,False,True,5c8a8fd0-a4bb-4e89-9a9c-140422d5820b,2025-08-21,189,162,1.0
61,128111,678,Employed Full-Time,Approved,04e16358-b907-4357-98f1-4666f3e89c36,2025-08-21T14:33:02.234219,42001 Compliance Scenarios**,llama3.2:3b,6bc57929fbf4a49bcfa232e54686ad36,False,"gender,age",high,5c8a8fd0-a4bb-4e89-9a9c-140422d5820b_000002,,standard,False,True,5c8a8fd0-a4bb-4e89-9a9c-140422d5820b,2025-08-21,189,162,1.0
37,347552,850,Employed Part-Time,Approved,b6607cfc-a455-416b-a7a7-cf42f34ae019,2025-08-21T14:33:02.234246,42001 Compliance Scenarios**,llama3.2:3b,6bc57929fbf4a49bcfa232e54686ad36,False,"gender,age",high,5c8a8fd0-a4bb-4e89-9a9c-140422d5820b_000003,,standard,False,True,5c8a8fd0-a4bb-4e89-9a9c-140422d5820b,2025-08-21,189,162,1.0
25,21640,581,Student,Denied,edb04281-04ea-4282-8fd5-cbf1450423c1,2025-08-21T14:33:02.234272,42001 Compliance Scenarios**,llama3.2:3b,6bc57929fbf4a49bcfa232e54686ad36,False,"gender,age",high,5c8a8fd0-a4bb-4e89-9a9c-140422d5820b_000004,,standard,False,True,5c8a8fd0-a4bb-4e89-9a9c-140422d5820b,2025-08-21,189,162,1.0
67,388462,799,Self-Employed,Approved,01beb476-4105-4ac3-942b-a04fc6033b9b,2025-08-21T14:33:02.234299,42001 Compliance Scenarios**,llama3.2:3b,6bc57929fbf4a49bcfa232e54686ad36,False,"gender,age",high,5c8a8fd0-a4bb-4e89-9a9c-140422d5820b_000005,,standard,False,True,5c8a8fd0-a4bb-4e89-9a9c-140422d5820b,2025-08-21,189,162,1.0
50,497463,850,Employed Part-Time,Approved,87d80dfe-9d64-437b-86a0-43d4b491bb7d,2025-08-21T14:33:02.234325,42001 Compliance Scenarios**,llama3.2:3b,6bc57929fbf4a49bcfa232e54686ad36,False,"gender,age",high,5c8a8fd0-a4bb-4e89-9a9c-140422d5820b_000006,,standard,False,True,5c8a8fd0-a4bb-4e89-9a9c-140422d5820b,2025-08-21,189,162,1.0
54,39079,534,Student,Denied,97b54534-d9eb-4061-a0ff-5a52f93e4878,2025-08-21T14:33:02.234355,42001 Compliance Scenarios**,llama3.2:3b,6bc57929fbf4a49bcfa232e54686ad36,False,"gender,age",high,5c8a8fd0-a4bb-4e89-9a9c-140422d5820b_000007,,standard,False,True,5c8a8fd0-a4bb-4e89-9a9c-140422d5820b,2025-08-21,189,162,1.0
33,18343,528,Unemployed,Denied,b775a5cf-11fd-428c-873e-d7f8253b72b2,2025-08-21T14:33:02.234388,42001 Compliance Scenarios**,llama3.2:3b,6bc57929fbf4a49bcfa232e54686ad36,False,"gender,age",high,5c8a8fd0-a4bb-4e89-9a9c-140422d5820b_000008,,standard,False,True,5c8a8fd0-a4bb-4e89-9a9c-140422d5820b,2025-08-21,189,162,1.0
33,498013,728,Employed Part-Time,Approved,c4d9701a-1bef-4ccf-951f-153c0259e4a9,2025-08-21T14:33:02.234415,42001 Compliance Scenarios**,llama3.2:3b,6bc57929fbf4a49bcfa232e54686ad36,False,"gender,age",high,5c8a8fd0-a4bb-4e89-9a9c-140422d5820b_000009,,standard,False,True,5c8a8fd0-a4bb-4e89-9a9c-140422d5820b,2025-08-21,189,162,1.0
21,451155,829,Self-Employed,Approved,24eff00a-8700-4b10-b056-3c2c76181c51,2025-08-21T14:33:02.234440,42001 Compliance Scenarios**,llama3.2:3b,6bc57929fbf4a49bcfa232e54686ad36,False,"gender,age",high,5c8a8fd0-a4bb-4e89-9a9c-140422d5820b_000010,,standard,False,True,5c8a8fd0-a4bb-4e89-9a9c-140422d5820b,2025-08-21,189,162,1.0
47,257927,735,Retired,Approved,257ca3af-bcfb-4863-9ffe-e14efd8cf82d,2025-08-21T14:33:02.234467,42001 Compliance Scenarios**,llama3.2:3b,6bc57929fbf4a49bcfa232e54686ad36,False,"gender,age",high,5c8a8fd0-a4bb-4e89-9a9c-140422d5820b_000011,,standard,False,True,5c8a8fd0-a4bb-4e89-9a9c-140422d5820b,2025-08-21,189,162,1.0
63,444963,785,Retired,Approved,bab24d03-9748-4dcb-945d-99e8be073450,2025-08-21T14:33:02.234492,42001 Compliance Scenarios**,llama3.2:3b,6bc57929fbf4a49bcfa232e54686ad36,False,"gender,age",high,5c8a8fd0-a4bb-4e89-9a9c-140422d5820b_000012,,standard,False,True,5c8a8fd0-a4bb-4e89-9a9c-140422d5820b,2025-08-21,189,162,1.0
80,322295,689,Unemployed,Approved,c2aad6c9-8db1-4c77-972f-9a51c4b5a1ee,2025-08-21T14:33:02.234517,42001 Compliance Scenarios**,llama3.2:3b,6bc57929fbf4a49bcfa232e54686ad36,False,"gender,age",high,5c8a8fd0-a4bb-4e89-9a9c-140422d5820b_000013,,standard,False,True,5c8a8fd0-a4bb-4e89-9a9c-140422d5820b,2025-08-21,189,162,1.0
78,30457,512,Retired,Denied,06eb6c8e-eaa4-4026-b869-60de36bdc1b9,2025-08-21T14:33:02.234543,42001 Compliance Scenarios**,llama3.2:3b,6bc57929fbf4a49bcfa232e54686ad36,False,"gender,age",high,5c8a8fd0-a4bb-4e89-9a9c-140422d5820b_000014,,standard,False,True,5c8a8fd0-a4bb-4e89-9a9c-140422d5820b,2025-08-21,189,162,1.0
49,234799,740,Employed Full-Time,Approved,de39d037-e8b6-47cf-b860-7db846b9fd13,2025-08-21T14:33:02.234568,42001 Compliance Scenarios**,llama3.2:3b,6bc57929fbf4a49bcfa232e54686ad36,False,"gender,age",high,5c8a8fd0-a4bb-4e89-9a9c-140422d5820b_000015,,standard,False,True,5c8a8fd0-a4bb-4e89-9a9c-140422d5820b,2025-08-21,189,162,1.0
50,484638,837,Employed Part-Time,Approved,886f810d-c7fc-47ef-88eb-61b90c616653,2025-08-21T14:33:02.234594,42001 Compliance Scenarios**,llama3.2:3b,6bc57929fbf4a49bcfa232e54686ad36,False,"gender,age",high,5c8a8fd0-a4bb-4e89-9a9c-140422d5820b_000016,,standard,False,True,5c8a8fd0-a4bb-4e89-9a9c-140422d5820b,2025-08-21,189,162,1.0
70,325650,740,Unemployed,Approved,9b7eaf7e-e71b-4d29-8862-ca73abd0dff1,2025-08-21T14:33:02.234620,42001 Compliance Scenarios**,llama3.2:3b,6bc57929fbf4a49bcfa232e54686ad36,False,"gender,age",high,5c8a8fd0-a4bb-4e89-9a9c-140422d5820b_000017,,standard,False,True,5c8a8fd0-a4bb-4e89-9a9c-140422d5820b,2025-08-21,189,162,1.0
29,291010,788,Employed Full-Time,Approved,46155c99-65e7-444f-93d5-a36d7a855693,2025-08-21T14:33:02.234645,42001 Compliance Scenarios**,llama3.2:3b,6bc57929fbf4a49bcfa232e54686ad36,False,"gender,age",high,5c8a8fd0-a4bb-4e89-9a9c-140422d5820b_000018,,standard,False,True,5c8a8fd0-a4bb-4e89-9a9c-140422d5820b,2025-08-21,189,162,1.0
63,67969,547,Self-Employed,Denied,a3e6fd39-7a15-4915-a429-eea886b73f29,2025-08-21T14:33:02.234672,42001 Compliance Scenarios**,llama3.2:3b,6bc57929fbf4a49bcfa232e54686ad36,False,"gender,age",high,5c8a8fd0-a4bb-4e89-9a9c-140422d5820b_000019,,standard,False,True,5c8a8fd0-a4bb-4e89-9a9c-140422d5820b,2025-08-21,189,162,1.0
55,397117,841,Student,Approved,60b3b58f-779c-4593-914c-ca19579ed873,2025-08-21T14:33:02.234698,42001 Compliance Scenarios**,llama3.2:3b,6bc57929fbf4a49bcfa232e54686ad36,False,"gender,age",high,5c8a8fd0-a4bb-4e89-9a9c-140422d5820b_000020,,standard,False,True,5c8a8fd0-a4bb-4e89-9a9c-140422d5820b,2025-08-21,189,162,1.0
65,366285,850,Self-Employed,Approved,e860e1b5-0fe5-46f6-9a4b-fad498a9ac3c,2025-08-21T14:33:02.234722,42001 Compliance Scenarios**,llama3.2:3b,6bc57929fbf4a49bcfa232e54686ad36,False,"gender,age",high,5c8a8fd0-a4bb-4e89-9a9c-140422d5820b_000021,,standard,False,True,5c8a8fd0-a4bb-4e89-9a9c-140422d5820b,2025-08-21,189,162,1.0
21,199146,703,Unemployed,Approved,d67f0b64-df31-460c-bf6b-c74b826a95d5,2025-08-21T14:33:02.234748,42001 Compliance Scenarios**,llama3.2:3b,6bc57929fbf4a49bcfa232e54686ad36,False,"gender,age",high,5c8a8fd0-a4bb-4e89-9a9c-140422d5820b_000022,,standard,False,True,5c8a8fd0-a4bb-4e89-9a9c-140422d5820b,2025-08-21,189,162,1.0
72,104184,643,Self-Employed,Denied,d6474978-b6f1-45c2-b21a-e957bb535446,2025-08-21T14:33:02.234774,42001 Compliance Scenarios**,llama3.2:3b,6bc57929fbf4a49bcfa232e54686ad36,False,"gender,age",high,5c8a8fd0-a4bb-4e89-9a9c-140422d5820b_000023,,standard,False,True,5c8a8fd0-a4bb-4e89-9a9c-140422d5820b,2025-08-21,189,162,1.0
28,380531,850,Employed Full-Time,Approved,d43761d0-b8e5-4bbc-ac25-65a0186471b7,2025-08-21T14:33:02.234799,42001 Compliance Scenarios**,llama3.2:3b,6bc57929fbf4a49bcfa232e54686ad36,False,"gender,age",high,5c8a8fd0-a4bb-4e89-9a9c-140422d5820b_000024,,standard,False,True,5c8a8fd0-a4bb-4e89-9a9c-140422d5820b,2025-08-21,189,162,1.0
41,65849,546,Self-Employed,Denied,c753b18a-c2fd-4bdb-8d5b-742887473c2c,2025-08-21T14:33:02.234854,8. **Historical Discrimination Pattern Detection**,llama3.2:3b,6bc57929fbf4a49bcfa232e54686ad36,True,,high,5c8a8fd0-a4bb-4e89-9a9c-140422d5820b_000000,"EU_AI_Act_Art15,ISO42001_Fairness",standard,False,True,5c8a8fd0-a4bb-4e89-9a9c-140422d5820b,2025-08-21,189,162,1.0
41,453870,778,Self-Employed,Approved,2837a4c3-6928-4c39-8b5f-3e63d2360217,2025-08-21T14:33:02.234881,8. **Historical Discrimination Pattern Detection**,llama3.2:3b,6bc57929fbf4a49bcfa232e54686ad36,True,,high,5c8a8fd0-a4bb-4e89-9a9c-140422d5820b_000001,"EU_AI_Act_Art15,ISO42001_Fairness",standard,False,True,5c8a8fd0-a4bb-4e89-9a9c-140422d5820b,2025-08-21,189,162,1.0
44,314483,840,Self-Employed,Approved,0dbd2f52-e842-4d5f-a61a-543afc4f1706,2025-08-21T14:33:02.234908,8. **Historical Discrimination Pattern Detection**,llama3.2:3b,6bc57929fbf4a49bcfa232e54686ad36,True,,high,5c8a8fd0-a4bb-4e89-9a9c-140422d5820b_000002,"EU_AI_Act_Art15,ISO42001_Fairness",standard,False,True,5c8a8fd0-a4bb-4e89-9a9c-140422d5820b,2025-08-21,189,162,1.0
45,218475,729,Self-Employed,Denied,019a0923-3cc2-4454-83fa-3511d8cb86fd,2025-08-21T14:33:02.234935,8. **Historical Discrimination Pattern Detection**,llama3.2:3b,6bc57929fbf4a49bcfa232e54686ad36,True,,high,5c8a8fd0-a4bb-4e89-9a9c-140422d5820b_000003,"EU_AI_Act_Art15,ISO42001_Fairness",standard,False,True,5c8a8fd0-a4bb-4e89-9a9c-140422d5820b,2025-08-21,189,162,1.0
55,153483,633,Employed Full-Time,Approved,83e652c3-fc01-43de-921b-8f60770adb0f,2025-08-21T14:33:02.234963,8. **Historical Discrimination Pattern Detection**,llama3.2:3b,6bc57929fbf4a49bcfa232e54686ad36,True,,high,5c8a8fd0-a4bb-4e89-9a9c-140422d5820b_000004,"EU_AI_Act_Art15,ISO42001_Fairness",standard,False,True,5c8a8fd0-a4bb-4e89-9a9c-140422d5820b,2025-08-21,189,162,1.0
33,161982,628,Self-Employed,Denied,fa59a08e-1824-4b4f-8b48-efba9bdf47eb,2025-08-21T14:33:02.234996,8. **Historical Discrimination Pattern Detection**,llama3.2:3b,6bc57929fbf4a49bcfa232e54686ad36,True,,high,5c8a8fd0-a4bb-4e89-9a9c-140422d5820b_000005,"EU_AI_Act_Art15,ISO42001_Fairness",standard,False,True,5c8a8fd0-a4bb-4e89-9a9c-140422d5820b,2025-08-21,189,162,1.0
44,387018,800,Employed Full-Time,Approved,f166a689-03b4-449c-9151-d8e058aabf43,2025-08-21T14:33:02.235022,8. **Historical Discrimination Pattern Detection**,llama3.2:3b,6bc57929fbf4a49bcfa232e54686ad36,True,,high,5c8a8fd0-a4bb-4e89-9a9c-140422d5820b_000006,"EU_AI_Act_Art15,ISO42001_Fairness",standard,False,True,5c8a8fd0-a4bb-4e89-9a9c-140422d5820b,2025-08-21,189,162,1.0
63,31023,487,Unemployed,Denied,53ee025e-80b9-47d9-9f99-6d3d0c516a6a,2025-08-21T14:33:02.235048,8. **Historical Discrimination Pattern Detection**,llama3.2:3b,6bc57929fbf4a49bcfa232e54686ad36,True,,high,5c8a8fd0-a4bb-4e89-9a9c-140422d5820b_000007,"EU_AI_Act_Art15,ISO42001_Fairness",standard,False,True,5c8a8fd0-a4bb-4e89-9a9c-140422d5820b,2025-08-21,189,162,1.0
71,354413,770,Unemployed,Approved,2ede327b-53d1-48b9-9e92-7c4e59859f1d,2025-08-21T14:33:02.235074,8. **Historical Discrimination Pattern Detection**,llama3.2:3b,6bc57929fbf4a49bcfa232e54686ad36,True,,high,5c8a8fd0-a4bb-4e89-9a9c-140422d5820b_000008,"EU_AI_Act_Art15,ISO42001_Fairness",standard,False,True,5c8a8fd0-a4bb-4e89-9a9c-140422d5820b,2025-08-21,189,162,1.0
34,259684,724,Unemployed,Approved,a58de024-b80a-4dbb-bda5-f9503f0a9231,2025-08-21T14:33:02.235101,8. **Historical Discrimination Pattern Detection**,llama3.2:3b,6bc57929fbf4a49bcfa232e54686ad36,True,,high,5c8a8fd0-a4bb-4e89-9a9c-140422d5820b_000009,"EU_AI_Act_Art15,ISO42001_Fairness",standard,False,True,5c8a8fd0-a4bb-4e89-9a9c-140422d5820b,2025-08-21,189,162,1.0
39,93606,595,Self-Employed,Approved,25239dcc-43c8-46f6-8b15-798f88971547,2025-08-21T14:33:02.235127,8. **Historical Discrimination Pattern Detection**,llama3.2:3b,6bc57929fbf4a49bcfa232e54686ad36,True,,high,5c8a8fd0-a4bb-4e89-9a9c-140422d5820b_000010,"EU_AI_Act_Art15,ISO42001_Fairness",standard,False,True,5c8a8fd0-a4bb-4e89-9a9c-140422d5820b,2025-08-21,189,162,1.0
34,395921,850,Student,Approved,231bc485-851b-4c2f-ba19-65d071c613c8,2025-08-21T14:33:02.235152,8. **Historical Discrimination Pattern Detection**,llama3.2:3b,6bc57929fbf4a49bcfa232e54686ad36,True,,high,5c8a8fd0-a4bb-4e89-9a9c-140422d5820b_000011,"EU_AI_Act_Art15,ISO42001_Fairness",standard,False,True,5c8a8fd0-a4bb-4e89-9a9c-140422d5820b,2025-08-21,189,162,1.0
65,201270,640,Student,Approved,7bda8ad8-0ac6-4dce-be38-6cbceab5d3ab,2025-08-21T14:33:02.235179,8. **Historical Discrimination Pattern Detection**,llama3.2:3b,6bc57929fbf4a49bcfa232e54686ad36,True,,high,5c8a8fd0-a4bb-4e89-9a9c-140422d5820b_000012,"EU_AI_Act_Art15,ISO42001_Fairness",standard,False,True,5c8a8fd0-a4bb-4e89-9a9c-140422d5820b,2025-08-21,189,162,1.0
73,194657,676,Unemployed,Approved,84ac6d23-1166-49b1-9a86-2aa321325102,2025-08-21T14:33:02.235205,8. **Historical Discrimination Pattern Detection**,llama3.2:3b,6bc57929fbf4a49bcfa232e54686ad36,True,,high,5c8a8fd0-a4bb-4e89-9a9c-140422d5820b_000013,"EU_AI_Act_Art15,ISO42001_Fairness",standard,False,True,5c8a8fd0-a4bb-4e89-9a9c-140422d5820b,2025-08-21,189,162,1.0
46,337164,790,Retired,Approved,55687b01-4dec-4a58-94e1-64abadfea530,2025-08-21T14:33:02.235231,8. **Historical Discrimination Pattern Detection**,llama3.2:3b,6bc57929fbf4a49bcfa232e54686ad36,True,,high,5c8a8fd0-a4bb-4e89-9a9c-140422d5820b_000014,"EU_AI_Act_Art15,ISO42001_Fairness",standard,False,True,5c8a8fd0-a4bb-4e89-9a9c-140422d5820b,2025-08-21,189,162,1.0
51,378606,847,Employed Full-Time,Approved,bc68abb0-6d2c-4d26-841c-ab256ba0aac3,2025-08-21T14:33:02.235256,8. **Historical Discrimination Pattern Detection**,llama3.2:3b,6bc57929fbf4a49bcfa232e54686ad36,True,,high,5c8a8fd0-a4bb-4e89-9a9c-140422d5820b_000015,"EU_AI_Act_Art15,ISO42001_Fairness",standard,False,True,5c8a8fd0-a4bb-4e89-9a9c-140422d5820b,2025-08-21,189,162,1.0
51,113789,614,Employed Part-Time,Denied,7e49fc10-315b-4f3f-915d-362715651336,2025-08-21T14:33:02.235283,8. **Historical Discrimination Pattern Detection**,llama3.2:3b,6bc57929fbf4a49bcfa232e54686ad36,True,,high,5c8a8fd0-a4bb-4e89-9a9c-140422d5820b_000016,"EU_AI_Act_Art15,ISO42001_Fairness",standard,False,True,5c8a8fd0-a4bb-4e89-9a9c-140422d5820b,2025-08-21,189,162,1.0
62,382981,702,Unemployed,Approved,75246d03-ee8c-42bd-9b7b-bff0b4b7ac18,2025-08-21T14:33:02.235309,8. **Historical Discrimination Pattern Detection**,llama3.2:3b,6bc57929fbf4a49bcfa232e54686ad36,True,,high,5c8a8fd0-a4bb-4e89-9a9c-140422d5820b_000017,"EU_AI_Act_Art15,ISO42001_Fairness",standard,False,True,5c8a8fd0-a4bb-4e89-9a9c-140422d5820b,2025-08-21,189,162,1.0
64,152884,632,Employed Full-Time,Approved,f826a6db-a284-4bb1-bbbb-1f0777b87c04,2025-08-21T14:33:02.235335,8. **Historical Discrimination Pattern Detection**,llama3.2:3b,6bc57929fbf4a49bcfa232e54686ad36,True,,high,5c8a8fd0-a4bb-4e89-9a9c-140422d5820b_000018,"EU_AI_Act_Art15,ISO42001_Fairness",standard,False,True,5c8a8fd0-a4bb-4e89-9a9c-140422d5820b,2025-08-21,189,162,1.0
76,352818,767,Employed Full-Time,Approved,73aabb73-4e1d-4d0b-b1dd-6a7a5faac6cc,2025-08-21T14:33:02.235361,8. **Historical Discrimination Pattern Detection**,llama3.2:3b,6bc57929fbf4a49bcfa232e54686ad36,True,,high,5c8a8fd0-a4bb-4e89-9a9c-140422d5820b_000019,"EU_AI_Act_Art15,ISO42001_Fairness",standard,False,True,5c8a8fd0-a4bb-4e89-9a9c-140422d5820b,2025-08-21,189,162,1.0
20,341005,725,Student,Approved,4465ea47-c688-42fc-b6a4-c41eb56d11d3,2025-08-21T14:33:02.235388,8. **Historical Discrimination Pattern Detection**,llama3.2:3b,6bc57929fbf4a49bcfa232e54686ad36,True,,high,5c8a8fd0-a4bb-4e89-9a9c-140422d5820b_000020,"EU_AI_Act_Art15,ISO42001_Fairness",standard,False,True,5c8a8fd0-a4bb-4e89-9a9c-140422d5820b,2025-08-21,189,162,1.0
44,233118,801,Student,Approved,90e8d9fd-5129-4308-a5a1-c82f15ca8527,2025-08-21T14:33:02.235417,8. **Historical Discrimination Pattern Detection**,llama3.2:3b,6bc57929fbf4a49bcfa232e54686ad36,True,,high,5c8a8fd0-a4bb-4e89-9a9c-140422d5820b_000021,"EU_AI_Act_Art15,ISO42001_Fairness",standard,False,True,5c8a8fd0-a4bb-4e89-9a9c-140422d5820b,2025-08-21,189,162,1.0
44,470256,850,Self-Employed,Approved,debed395-684c-47d3-8991-5e60f46437aa,2025-08-21T14:33:02.235443,8. **Historical Discrimination Pattern Detection**,llama3.2:3b,6bc57929fbf4a49bcfa232e54686ad36,True,,high,5c8a8fd0-a4bb-4e89-9a9c-140422d5820b_000022,"EU_AI_Act_Art15,ISO42001_Fairness",standard,False,True,5c8a8fd0-a4bb-4e89-9a9c-140422d5820b,2025-08-21,189,162,1.0
59,460039,794,Retired,Approved,cea99b42-2b82-466e-9a44-086050ba98c5,2025-08-21T14:33:02.235469,8. **Historical Discrimination Pattern Detection**,llama3.2:3b,6bc57929fbf4a49bcfa232e54686ad36,True,,high,5c8a8fd0-a4bb-4e89-9a9c-140422d5820b_000023,"EU_AI_Act_Art15,ISO42001_Fairness",standard,False,True,5c8a8fd0-a4bb-4e89-9a9c-140422d5820b,2025-08-21,189,162,1.0
70,249392,740,Unemployed,Approved,b84900d2-83dd-481e-90b3-f6dedd59e08c,2025-08-21T14:33:02.235496,8. **Historical Discrimination Pattern Detection**,llama3.2:3b,6bc57929fbf4a49bcfa232e54686ad36,True,,high,5c8a8fd0-a4bb-4e89-9a9c-140422d5820b_000024,"EU_AI_Act_Art15,ISO42001_Fairness",standard,False,True,5c8a8fd0-a4bb-4e89-9a9c-140422d5820b,2025-08-21,189,162,1.0
21,359544,778,Retired,Approved,7f1e0ca1-ade5-41f7-ba9b-2093a03f4d39,2025-08-21T14:33:02.235549,2. **Documentation and Traceability Scenarios**,llama3.2:3b,6bc57929fbf4a49bcfa232e54686ad36,False,race,medium,5c8a8fd0-a4bb-4e89-9a9c-140422d5820b_000000,"EU_AI_Act_Art12,ISO42001_Documentation",standard,False,True,5c8a8fd0-a4bb-4e89-9a9c-140422d5820b,2025-08-21,189,162,1.0
28,335262,770,Student,Approved,b5634c8f-b996-4d62-9aa5-d39356a4c40b,2025-08-21T14:33:02.235601,5. **Quality Management Scenarios**,llama3.2:3b,6bc57929fbf4a49bcfa232e54686ad36,False,"gender,age",medium,5c8a8fd0-a4bb-4e89-9a9c-140422d5820b_000000,,standard,False,True,5c8a8fd0-a4bb-4e89-9a9c-140422d5820b,2025-08-21,189,162,1.0
58,17274,520,Student,Denied,39f5be85-7e42-41a2-8649-9e996e2266ba,2025-08-21T14:33:02.235681,9. **Demographic Parity Testing Scenarios**,llama3.2:3b,6bc57929fbf4a49bcfa232e54686ad36,True,,medium,5c8a8fd0-a4bb-4e89-9a9c-140422d5820b_000000,,standard,False,True,5c8a8fd0-a4bb-4e89-9a9c-140422d5820b,2025-08-21,189,162,1.0
